Comment,Designator,Footprint,LCSC Part #
,R9,RESC2012X65,
,SJ4,SJ,
,SJ1,SJ_2W,
1k,R7 R8,RESC2012X65,
1u,C5,CAPC3216X135,
3.3 - 4.7 uH,L1,AMDLA1707S-3R3MT-FP,
4.7k,R6,RESC2012X65,
8.2V,D1,DIOMELF3516,
10u,C3 C4 C6 C7 C8 C9 C13 C14,CAPC3225X135,
11.3k,R3,RESC2012X65,
11.5k,R2,RESC2012X65,
47k,R12,RESC2012X65,
51k,R4,RESC2012X65,
100n,C1 C2 C10 C11 C12,CAPC1608X85,
105k,R5,RESC2012X65,
200k,R10 R11,RESC2012X65,
511k,R1,RESC2012X65,
3557-2,F1,FUSE_3557-2,
DMN1004UFV,Q1,POWERDI3333-8-UX,
DS04-254-SMT,SW1,DIPSW-SMD-254,
KEYSTONE-6.3-1217126-1,X1 X2 X3 X4 X5,KEYSTONE.6.3-1217126-1-FP,
LM393_DIP,IC1,DIP826W53P254L959H508Q8B,
MOUNT-PAD-ROUND2.8,H1,2 8-PAD,
SIC431AED-T1-GE3,U1,REGULATOR_SIC431AED-T1-GE3,
TPB1 27,TP6 TP7 TP8 TP9,B1 27,
TPPAD1-20,TP1 TP2 TP3 TP4 TP5,P1-20,
TPTP06R,TP10,TP06R,
